longitude,latitude
103.214439,1.9550569999999996
103.21443835523593,1.9550570211784792
103.21443745876786,1.9550570234460738
103.2144365645537,1.955057927753669
103.21443567033953,1.9550588320612656
103.21443477387145,1.9550588343288609
103.21443387740338,1.9550588365964552
103.21443298093531,1.955058838864049
103.21443208446723,1.9550588411316427
103.21443118799915,1.9550588433992362
103.21443029153109,1.955058845666829
103.21442939506301,1.9550588479344209
103.21442849859493,1.9550588502020125
103.2144169384206,1.9550701603161547
103.21440170399231,1.9550743087853564
103.21438644902511,1.9550702374382007
103.21437526107557,1.9550590371885361
103.21437113794616,1.9550437091343154
103.21437518442612,1.9550283604157197
103.21438631626401,1.9550171037098378
103.21440155069243,1.95501295524182
103.21441680565854,1.9550170265898896
103.21442799360688,1.9550282268392836
103.21443211673618,1.9550435548923213
103.21443204840497,1.955044408491541
103.21443205065887,1.955045310531548
103.21443205291276,1.9550462125715546
103.21443205516663,1.95504711461156
103.21443205742052,1.955048016651567
103.21443205967441,1.9550489186915732
103.21443206192829,1.9550498207315798
103.21443206418218,1.955050722771586
103.21443206643607,1.9550516248115926
103.21443206868997,1.9550525268515988
103.21443207094386,1.955053428891605
103.21443207319776,1.955054330931612
103.21443207545165,1.9550552329716187
103.21443207770554,1.9550561350116245
103.21443207995944,1.9550570370516305
103.21443208221334,1.9550579390916367
103.21443208446723,1.9550588411316427
103.21443208672113,1.9550597431716494
103.21443208897503,1.9550606452116557
103.21443209122893,1.9550615472516617
103.21443209348284,1.9550624492916684
103.21443209573674,1.9550633513316746
103.21443209799065,1.9550642533716802
103.21443210024455,1.9550651554116865
103.21443210249846,1.955066057451693
103.21443210475236,1.9550669594916987
103.21443210700627,1.9550678615317052
103.21443210926019,1.9550687635717114
103.2144321115141,1.955069665611717
103.21443211376801,1.9550705676517237
103.21443211602192,1.9550714696917295
103.21443122180776,1.9550723739993445
103.21443032759359,1.955073278306961
103.21442943337942,1.9550741826145794
103.21442943563333,1.9550750846545881
103.21442854141917,1.955075988962209
103.21442764720499,1.9550768932698315
103.21442675299082,1.9550777975774556
103.21442675524473,1.955078699617468
103.21442586103056,1.9550796039250948
103.2144249668164,1.9550805082327225
103.21442496907031,1.9550814102727372
103.21442407485614,1.9550823145803673
103.21442318064196,1.9550832188880005
103.21442228642779,1.9550841231956346
103.21442139221361,1.9550850275032703
103.21442049799944,1.9550859318109075
103.21442050025335,1.9550868338509266
103.21442050250727,1.955087735890946
103.21442050476121,1.9550886379309662
103.21441961054703,1.9550895422386074
103.21441961280095,1.955090444278628
103.21441961505488,1.9550913463186488
103.21441961730882,1.955092248358669
103.21441961956275,1.9550931503986897
103.21441872534857,1.9550940547063376
103.2144178311344,1.9550949590139868
103.21441783338832,1.95509586105401
103.21441693917414,1.9550967653616613
103.21441694142808,1.9550976674016844
103.21443186370655,1.9551019603545436
103.21444305165656,1.955113160602381
103.21444717478776,1.9551284886546183
103.21444312831058,1.955143837372471
103.21443199647486,1.95515509407972
103.21441676204657,1.9551592425506479
103.21440150707845,1.9551551712053892
103.21439031912723,1.955143970957282
103.21438619599589,1.9551286429038606
103.21439024247417,1.9551132941850944
103.21440137431108,1.9551020374781165
103.21440260695387,1.9551013118438683
103.21440350116806,1.9551004075362022
103.21440439763619,1.955100405268576
103.21440529410432,1.9551004030009491
103.21440619057245,1.9551004007333215
103.21440708704057,1.955100398465694
103.2144079835087,1.9551003961980655
103.21440887997683,1.955100393930437
103.21440977644494,1.9551003916628074
103.21441067291308,1.9551003893951775
103.2144115693812,1.9551003871275474
103.21441246359538,1.955099482819887
103.21441336006349,1.955099480552257
103.21441425653161,1.9550994782846265
103.21441515299972,1.955099476016995
103.21441604946784,1.9550994737493639
103.21441694593595,1.9550994714817316
103.21441784240407,1.9550994692140995
103.21441873887218,1.9550994669464663
103.21441963534029,1.9550994646788322
103.21442053406234,1.9551003644512175
103.21442143053046,1.955100362183582
103.21442232699856,1.9551003599159464
103.21442322346668,1.95510035764831
103.21442411993478,1.9551003553806732
103.2144250164029,1.9551003531130353
103.214425912871,1.9551003508453977
103.21442681159304,1.9551012506177712
103.21442771031509,1.9551021503901413
103.21442860678319,1.9551021481225004
103.21442950550524,1.9551030478948679
103.21443040197333,1.9551030456272243
103.21443130069538,1.9551039453995869
103.21443219716349,1.9551039431319417
103.21443309588554,1.9551048429043
103.21443399460759,1.9551057426766558
103.21443489332964,1.9551066424490091
103.2144357920517,1.9551075422213606
103.21443669077374,1.9551084419937086
103.2144375894958,1.955109341766054
103.21443848821787,1.955110241538397
103.21443938693992,1.9551111413107374
103.21444028566198,1.9551120410830753
103.21444118438403,1.9551129408554113
103.21444208310609,1.9551138406277437
103.21444298182816,1.9551147404000744
103.21444388055022,1.955115640172402
103.21444477927227,1.9551165399447261
103.21444567799433,1.9551174397170485
103.21444657671641,1.9551183394893683
103.21444747543846,1.9551192392616865
103.21444837416054,1.9551201390340007
103.21444927288262,1.9551210388063132
103.21445017160467,1.955121938578623
103.21445107032675,1.955122838350929
103.21445196904881,1.9551237381232343
103.21445286777089,1.9551246378955358
103.21445376649295,1.9551255376678347
103.21445466521503,1.9551264374401311
103.21445556393711,1.955127337212425
103.21445646265917,1.955128236984717
103.21445736138126,1.9551291367570056
103.21445826010333,1.9551300365292918
103.21445915882542,1.9551309363015754
103.21446005754748,1.9551318360738568
103.21446095626958,1.9551327358461346
103.21446185499164,1.9551336356184106
103.21446185724565,1.9551345376583809
103.21446185949965,1.9551354396983518
103.21446275822173,1.9551363394706234
103.21446365694383,1.9551372392428918
103.21446455566591,1.9551381390151583
103.214465454388,1.9551390387874215
103.214465456642,1.9551399408273877
103.21446545889602,1.9551408428673538
103.21446635761811,1.9551417426396132
103.21447766635116,1.9551303535076823
103.21449290077797,1.9551262050370892
103.21450815574413,1.9551302763816
103.21451934369412,1.9551414766274056
103.21452346682626,1.9551568046777867
103.21451942035064,1.9551721533944548
103.21450828851674,1.9551834101015086
103.21449305409006,1.955187558573285
103.21447779912283,1.955183487229689
103.21446661117163,1.9551722869836137
103.21446248803936,1.9551569589320492
103.2144628078101,1.9551561843499525
103.21446280555607,1.955155282309983
103.21446280330204,1.955154380270013
103.21446280104801,1.9551534782300437
103.21446279879399,1.955152576190074
103.21446279653998,1.9551516741501047
103.21446279428595,1.9551507721101353
103.21446279203194,1.9551498700701664
103.21446278977791,1.955148968030197
103.21446278752389,1.9551480659902276
103.21446278526987,1.9551471639502576
103.21446278301585,1.9551462619102886
103.21446278076183,1.9551453598703192
103.21446277850782,1.9551444578303492
103.21446277625381,1.9551435557903802
103.2144627739998,1.95514265375041
103.21446277174579,1.9551417517104406
103.21446276949177,1.9551408496704712
103.21446276723776,1.9551399476305016
103.21446276498375,1.9551390455905322
103.21446276272975,1.9551381435505624
103.21446276047574,1.9551372415105928
103.21446275822173,1.9551363394706234
103.21446275596773,1.9551354374306535
103.21446275371373,1.9551345353906842
103.21446275145973,1.955133633350714
103.21446274920572,1.9551327313107456
103.21446274695172,1.9551318292707751
103.21446274469773,1.9551309272308053
103.21446363891181,1.9551300229231434
103.21446363665781,1.9551291208831745
103.21446363440381,1.955128218843206
103.2144645286179,1.9551273145355477
103.21446542283198,1.9551264102278905
103.21446631704605,1.9551255059202346
103.21446721126013,1.9551246016125814
103.2144681054742,1.955123697304929
103.21446899968826,1.9551227929972783
103.21446989390233,1.955121888689629
103.21446989164835,1.9551209866496677
103.21447078586243,1.9551200823420216
103.2144716800765,1.9551191780343764
103.21447257429057,1.9551182737267332
103.21447346850464,1.955117369419092
103.2144743627187,1.955116465111452
103.21447525693277,1.9551155608038135
103.21447615114684,1.9551146564961774
103.21447704536091,1.9551137521885418
103.21447793957498,1.9551128478809081
103.21447883378903,1.9551119435732758
103.21447883153505,1.955111041533325
103.21447882928106,1.9551101394933736
103.21447972349513,1.9551092351857455
103.21447972124115,1.9551083331457952
103.21447971898716,1.955107431105845
103.21448061320123,1.9551065267982213
103.21446536448194,1.9551020147252507
103.21445417653234,1.955090814477726
103.21445005340192,1.9550754864254387
103.21445409988021,1.9550601377080554
103.21446523171619,1.955048881002338
103.21448046614299,1.9550447325333944
103.2144957211082,1.9550488038796947
103.21450690905657,1.9550600041269517
103.21451103218686,1.955075332178055
103.21450698570966,1.9550906808945243
103.21449585387488,1.9551019376005108
103.21449494767386,1.9551028823556347
103.2144940534598,1.9551037866632457
103.21449315699178,1.9551037889309244
103.21449226052376,1.9551037911986027
103.21449136630972,1.9551046955062164
103.21449046984168,1.9551046977738946
103.21448957337365,1.9551047000415729
103.21448867690562,1.9551047023092496
103.21448778043758,1.955104704576926
103.21448688396954,1.9551047068446028
103.2144859875015,1.9551047091122782
103.21448509103347,1.9551047113799538
103.21448419456543,1.9551047136476285
103.21448329809739,1.955104715915303
103.21448240162935,1.9551047181829766
103.21448150516132,1.9551047204506495
103.21448060869326,1.9551047227183231
103.21447971222523,1.955104724985995
103.21447881575718,1.9551047272536672
103.21447791928914,1.9551047295213382
103.21447702282109,1.9551047317890098
103.21447612635305,1.9551047340566796
103.214475229885,1.95510473632435
103.21447433341694,1.9551047385920195
103.21447343469492,1.955103838819731
103.21447253597289,1.95510293904744
103.21447163950484,1.955102941315106
103.21447074303678,1.9551029435827714
103.21446984656875,1.9551029458504365
103.21446894784673,1.9551020460781383
103.21446805137866,1.9551020483458006
103.21446715265664,1.9551011485734988
103.21446625618859,1.95510115084116
103.21446535746657,1.9551002510688533
103.2144644609985,1.9551002533365125
103.21446356227648,1.9550993535642018
103.21446266355446,1.9550984537918892
103.21446176483244,1.9550975540195739
103.21446086611041,1.9550966542472554
103.2144599673884,1.9550957544749346
103.21445906866637,1.9550948547026104
103.21445816994436,1.9550939549302842
103.21445727122234,1.9550930551579557
103.21445637250032,1.9550921553856244
103.21445547377832,1.955091255613291
103.21445457505631,1.955090355840955
103.21445367633429,1.955089456068616
103.21445277761228,1.9550885562962748
103.21445187889027,1.95508765652393
103.21445098016825,1.9550867567515837
103.21445008144624,1.955085856979234
103.21444918272424,1.9550849572068822
103.21444828400223,1.9550840574345278
103.2144482817483,1.955083155394541
103.21444827949436,1.9550822533545529
103.21444738077236,1.9550813535821947
103.21444648205035,1.9550804538098328
103.21444647979642,1.9550795517698436
103.21444558107443,1.9550786519974785
103.21444468235244,1.95507775222511
103.21444378363043,1.9550768524527393
103.2144437813765,1.9550759504127464
103.21444288265451,1.9550750506403722
103.21444288040058,1.9550741486003798
103.21444287814667,1.9550732465603855
103.21444287589274,1.9550723445203926
103.21444287363883,1.955071442480399
103.21444197491684,1.9550705427080177
103.21444107619484,1.955069642935634
103.21444107394093,1.9550687408956384
103.21444107168702,1.9550678388556428
103.21444106943311,1.9550669368156472
103.2144410671792,1.9550660347756517
103.21444016845722,1.9550651350032606
103.2144401662033,1.9550642329632635
103.21444016394939,1.9550633309232683
103.21444016169549,1.9550624288832712
103.21444015944158,1.9550615268432736
103.21444015718767,1.9550606248032776
103.21444015493377,1.95505972276328
103.21444015267986,1.9550588207232824
103.21443925395789,1.9550579209508827
103.214439251704,1.9550570189108851
